-7.795227202986557136e-02,-2.696426437896263378e-02,-1.675600059008902909e-01,-1.478944873986791642e-01,-1.797204896250575003e-03,3.450297518268865410e-02,-6.488581139929112951e-02,-1.190703772163501512e-01,5.919095087114967929e-02,7.401448557105322346e-01,-6.780990321145198563e-02,3.629955832689239492e-01,6.304593756495687762e-01,-1.315185957167499753e+00,-1.933211210761460186e-01,-1.023911767410831120e+00,2.225704704358198727e-01,-1.463342337314344765e-01,-1.094104909108798568e-01,-1.568931846012945053e-01,-1.122632294195167607e-01,5.143563990348692938e-02,-1.256171720177758910e-01,-1.678274376542508439e-01,-1.918650006537923891e-01,-1.855969274293878535e-01,-9.353936641695053192e-03,1.726770500693558877e-02,-2.661292508670197177e-01,-1.817867078781784940e-01,-5.966931373750729295e-02,-5.097262965628130554e-02,-1.034893582941628781e-01,1.307631124825642532e-01,5.292675185647834901e-01,-6.450080068698307856e-02,-1.153798712050423531e-01,-1.057243471171589899e+00,-4.039969752220897714e-01,-2.674393796651737265e-01,-1.327485098329411056e-02,-4.889650267149855262e-02,-2.013988963040918567e-01,-6.421123703625443435e-02,5.890317727956673188e-01,-2.047278999959423473e-01,-1.080814923700546215e+00,-1.999264646863006534e-01,7.080682527117925229e-01,-1.684215936061848606e-01,2.321142192212029276e-01
7.041311117945868100e-03,5.370682575342632797e-02,-7.966030503636316318e-02,1.136927697644363605e-01,-9.116347249215830950e-02,9.588388722917859375e-02,-5.885112279688163583e-02,4.904511560952168336e-02,1.563880185887282226e-01,-3.825921977482072550e-02,-5.539159400037661773e-02,-6.835556084393386300e-02,1.639568458834266829e-01,-3.652455235783937382e-01,-1.134607427747614528e-01,-5.804236789240813099e-01,-3.885179809385807537e-01,7.731432722990655426e-02,-5.440814780183756555e-03,-1.178199603288533903e-01,-1.849795170457314286e-01,1.813433056805686672e-01,-2.416484500189554352e-01,-6.432235761033354426e-02,7.284995810133065505e-03,-1.303221948771642325e-01,-9.931947293515391850e-02,-4.032419616478946645e-02,-7.536365404301188786e-02,-1.981935309055927741e-01,-2.283952045079884474e-01,-1.800497374832403519e-01,1.010817667379973889e-01,9.249032990059155579e-02,-3.017953065072616625e-01,-2.161571619582847992e-01,-2.644994087538296568e-02,-6.112667702645594447e-01,-5.080081647395052746e-01,-4.658380358410232347e-01,-2.108819306540348770e-01,1.097360301732883126e-01,-1.404719649067014185e-04,1.383298042502684351e-02,3.780664408240353436e-01,-1.525311050520593847e-01,-2.260932166522280073e-01,-6.109535459976059291e-02,2.184439916571650209e-01,-7.782235397055613235e-02,4.913234324328307756e-01
-4.976193701554680604e-02,-7.548538151904422844e-02,-7.833521945285498722e-01,5.693944360347617112e-02,-1.903225650677856651e-01,3.411989271097386894e-02,-2.699902129651642335e-01,1.007127587779008543e-01,1.129047629000756725e-01,-7.012231739634632033e-02,7.366514854137483359e-02,4.686374954435849061e-01,-4.394967239395350389e-02,-3.834885830902350357e-01,-8.396561117360892834e-02,-4.076100002282650459e-01,-4.614090217844953323e-01,-4.853732094492786003e-02,-4.681430250987400621e-02,6.094017431633306225e-01,-3.002235696618179572e-01,-1.092615212481291669e-02,-2.444096723412070571e-01,-9.759555854349189971e-03,-9.765511089109678300e-02,-2.395673165869647570e-01,-1.375017414342229460e-01,-1.127368162345231545e-01,-2.525584579001493440e-02,-2.867311989531745042e-01,-1.095742197382189864e-01,-2.389150961336179435e-01,4.929651441571738374e-02,2.603691787723081963e-01,-3.640852994966515821e-01,-2.523715484343156401e-01,-1.331531678070068114e-01,-3.516175796834983269e-01,-4.742526738705133901e-03,2.543658393741751178e-01,-1.319342788434143265e-01,5.627026471860399615e-02,-1.218803630625795997e-01,8.818712347098921212e-02,1.614141908634997291e+00,-1.141342981659986405e-01,-2.323681835918927352e-01,-1.063327204772295947e-01,3.253442652159132531e-01,-1.365202732884196468e-01,6.045297153304101112e-01
-2.442477452768297419e-01,-1.408588524765772287e-01,4.411439261823434099e-02,-1.514847472740947221e-01,-1.244614460054884048e-01,-1.653422576172438874e-01,-1.310964696381393679e-01,-2.168246583505151759e-01,-2.275340755861903486e-01,-1.680948139478109088e-02,-2.886752303268108055e-01,-9.720563432534043424e-02,-2.262388062834419511e-01,-3.431121113869820549e-01,-1.552363871815299057e-01,-1.001541990418687578e-01,-3.275436328996528257e-01,-2.742865863791596470e-01,-1.576539942206854339e-01,-1.808799589816386388e-01,-1.541161370541345998e-01,-2.582763612074832626e-01,-1.844713272188503450e-01,-3.614149760166445735e-01,-2.808860365540710724e-01,-1.028948731687368418e-01,-1.719619221461074488e-01,-1.139580130325119622e-01,-1.741941825965203638e-01,-3.013133210518442184e-01,-9.990942136918591621e-02,-3.706246375984229013e-02,-1.392861363011694276e-01,-1.732726614155279676e-01,3.327585754758231873e-02,-1.446618672049717336e-01,2.348417589790591578e-02,3.264705783201828082e-02,-2.215444235813413265e-01,-2.085571401078464004e-01,-2.585179906076266465e-01,-1.789950390858637552e-01,-3.262492809220809420e-01,-2.300856857230275665e-01,-2.868272483872330580e-02,-2.017250872693245045e-01,-1.216383140963485099e-01,-1.964720984011946447e-01,-2.596782667966419655e-01,-1.031108230854224928e-01,8.732500867309840598e-02
-2.198599553429539111e-01,4.825424886802547747e-02,3.984823857257830011e-03,-1.565304094914435618e-01,-2.645269912238351617e-01,-1.582218219729792374e-01,-2.106531081264224337e-01,-2.122986784252469394e-01,-7.396205784565373920e-02,1.565888435285731420e-02,-1.597172979125451586e-01,-3.704859424713441516e-03,-1.081016353066629881e-01,-2.117374286631894531e-01,-4.526688689327391935e-02,-2.396499943953175338e-01,-2.616784611982211350e-01,-2.732877891184020136e-01,-2.066223316016365524e-02,-1.734380429650340949e-01,-3.247586842157662024e-01,-3.120183495483881964e-01,-1.715289713106382674e-01,-3.519981228166704779e-01,-1.946796790521687914e-01,-1.703732114169770051e-01,-9.827675546653340255e-02,-1.661144714200603056e-01,-1.734596363072041236e-01,-3.481011167805156958e-01,-2.196022557849953427e-01,-2.256352017287057560e-02,-2.842243996508856396e-01,-1.036052121290087780e-01,-1.777029401819103238e-01,-1.616559177126709046e-01,3.424563886855714473e-02,-2.714971006622722560e-02,-1.680182666123387902e-01,-9.672525930897850344e-02,-4.222740319660777536e-02,-1.649264271623396838e-01,-1.529178973510290640e-01,-2.570192197066863971e-01,-7.823365374616489398e-02,-1.751650194739012290e-01,-1.627217152509166931e-01,-2.068113678403469546e-01,-1.079240559923322906e-01,-1.606361300537351711e-01,1.033289753794507659e-01
7.993408177775974954e-03,-8.892207357188372518e-02,-1.676316313090417509e+00,-4.213722675063062001e-02,-1.298125538469740159e-01,3.652246345769415148e-02,4.521979213148247072e-03,1.550260368677225942e-01,-5.104979870468240311e-02,-9.571659203894590240e-01,5.779750633448186431e-02,1.250919687238821298e+00,4.096576718892774305e-01,1.049590050967382560e+00,-1.168866822053287874e-01,1.798696378550642017e+00,-1.066677221058718539e+00,-3.330919039862691861e-02,-7.894116290721124585e-02,2.716423382487942462e-01,-1.820084959306107752e-01,1.278516574103700197e-02,-8.094595448347766120e-02,7.427201874356671729e-02,2.307652501647979373e-02,4.733846359391594844e-02,-6.274709964253342986e-02,3.957981624700083328e-02,4.325713222052486318e-01,-3.669525003588153950e-02,-9.192321868914160587e-02,-2.876231145195508321e-03,9.952440407469531625e-02,1.599326831393778625e-01,5.656059028317245163e-01,-1.442546714725011225e-02,5.013470928571125279e-02,-8.041015375501728291e-02,-1.198383414317213180e+00,-7.685152814237306007e-02,-2.235419338451631044e-01,1.974379809447150344e-02,5.023121838932408968e-03,-6.489886115062326599e-02,2.589220162409312298e+00,-1.111732856642873024e-01,7.323643883038873925e-01,-2.990551104567270788e-02,-1.447052225175617490e+00,-1.556791202213018699e-01,-2.513181439317955790e-01
-1.946297360220635431e-01,-1.587461644612053469e-01,3.300740586105737479e-02,-2.267534144220608450e-01,-2.758175784070464598e-01,-1.051061534329127412e-01,-1.643878266257935150e-01,-2.051828951417763724e-01,-2.301139661641205814e-01,-2.981824084477910364e-02,-9.322606750201714587e-02,3.265403351851482450e-01,-3.661187358462475450e-01,1.476153226097253746e-01,-6.005546980833287307e-02,5.344272199033006654e-01,-2.146401745601614341e-01,-2.432003183273195313e-01,1.460739911411384345e-02,-3.188676382150140709e-02,-2.484402403383999258e-01,-1.753110011866566564e-01,-4.823390375988401146e-02,-1.783393011020502905e-01,-5.109166847471389300e-02,-6.028836909535108951e-02,-1.126527005794148162e-01,-1.780242267613553753e-01,-2.063112479201614502e-01,-3.492334110328897401e-01,-2.249507249426989652e-01,-1.385662104176936874e-02,-1.175439684233394178e-01,-6.490083372941261863e-02,2.737082354482486268e-01,-3.127461272973190987e-01,7.756870145456565280e-02,-1.837654872031871667e-01,-9.974168855921068666e-02,-2.619753596007010632e-01,-1.921298779257227807e-01,1.976111164593684615e-03,-2.682382005790157620e-01,-9.201153428446795512e-02,-2.140759823779142534e-01,-1.444783423648196286e-01,3.661466967212493456e-02,-2.661267864389456062e-01,-1.214230506276321037e-01,-2.232951682823200446e-01,-1.318370265056971122e-02
-2.961051403300235529e-01,-1.040371306733025095e-02,-1.050473462612845355e-01,-2.321777905709735690e-01,-1.809993692203207272e-01,-2.085204774843172071e-01,-1.817498291971272606e-01,-1.447576288374902986e-01,-2.588923231997924956e-01,-5.100598610716734066e-02,-2.283178611353967324e-01,-1.257617203606153644e-01,-1.758079130497987863e-01,-1.330567151416952587e-01,-2.862773244171265552e-02,-1.761694054508105012e-01,-3.455552802022138770e-01,-2.119474152770103592e-01,-9.968444363871559188e-02,-1.944734781172603455e-01,-1.461715132092573366e-01,-2.610692057066241190e-01,1.633715177128529502e-03,-3.874274022846913024e-01,-2.308326721101268686e-01,-9.958448006502899907e-02,-8.423555441243785191e-02,-1.210788655379163858e-01,-3.646323625117031675e-01,-1.778634580317706160e-01,-1.627648718173560771e-01,-1.701146776777408831e-01,-3.187207538810946650e-01,-1.530237353236175712e-01,-1.758299487152516494e-01,-2.495093001993732018e-01,7.649979710683331435e-02,7.361036431944567582e-02,-2.929665927158682792e-01,-1.284184526016208527e-01,-1.460045183945049008e-01,-5.232564580792508496e-02,-2.444268854676116265e-01,-2.394382189007191464e-01,-1.110485437472822495e-01,-2.618348937132620180e-01,-1.761780714993274044e-01,-2.326645189620451526e-01,-1.369434644523069566e-01,-1.649242294205428283e-01,-3.089389850674981414e-04
2.499472593623508834e-03,-8.935667852626519303e-02,-6.732342903138357482e-01,-2.199456564158245794e-02,-6.282540138051380743e-03,2.255065397727749887e-01,-1.634659974884379585e-01,3.038530322761492670e-03,7.447236393466619142e-02,-2.802764271059459689e-01,4.351958109393620072e-02,3.445408080920165372e-01,-3.753275892948569337e-01,-2.382845221488323895e-01,-1.036945143773388561e-01,5.369330911089186670e-02,-5.396345058114364601e-01,3.673246764542131143e-02,-2.787858276829617912e-02,-1.256897489134357171e+00,-6.825212089719802366e-02,1.854869336647690381e-01,-3.523481690833710767e-01,4.441612786208447988e-02,-6.893554216682237779e-04,-1.095789951637311938e-01,-1.318625542039987830e-01,-6.064553133494348519e-02,-6.644460042506383779e-02,-5.707902996569420850e-02,-5.801747528823619771e-02,9.334481155641621494e-03,-4.929173179298379981e-04,1.274229162317270236e-01,-2.051491187680934691e-01,-7.542829338570350428e-02,4.504310267441446330e-02,-6.610257426624389643e-01,-5.138698634830966006e-01,-8.444138805309078233e-01,-7.350909935774603554e-02,1.085040840970047105e-01,-4.856742821746809491e-02,1.655447583013502644e-01,7.300542991703508067e-01,-9.426521867072376604e-02,-2.792714586841422708e-01,-1.371453704144101268e-02,8.487509705058411402e-01,-6.610768174648275208e-02,-7.573796317050195404e-01
-2.626210618758010873e-01,3.073652527282100602e-02,-1.568777117965729773e-01,-2.695810109974154933e-01,-1.494723564980372787e-01,-2.768232644521159691e-02,-1.853492438123906516e-01,-2.530264490229529595e-01,-1.423656873849760973e-01,4.526908263650474690e-02,-1.976985600369852436e-01,-1.702419109323277668e-01,1.681241219154494537e-01,1.816860446610874813e-01,-1.742613942403355431e-01,-7.376522290639819790e-02,-4.397195149589673835e-01,-2.630868475467713075e-01,5.379500662370454572e-02,-9.224438835244000434e-02,-2.308355635791546345e-01,-7.304990279927492391e-02,9.603729327638470909e-04,-2.606431978518000125e-01,-2.204142582802732786e-01,-8.356331888914637906e-02,-7.279889815627162142e-02,-4.967460229229306301e-02,-2.217557417684376531e-01,-1.720488517586470367e-01,-1.897333119815999003e-01,-7.161599702950670332e-02,-1.968770121717844934e-01,-1.334669562180103852e-01,-1.867062035995208785e-02,-2.787774142408634415e-01,-9.541690166699267478e-03,-9.391620201557848713e-02,-3.168463114854409013e-01,-2.002299113707114997e-01,-2.060427360540319774e-01,3.669627476200907484e-02,-2.454000873150505857e-01,-1.697655958869435933e-01,-1.971340383858888497e-03,-2.256755436917377289e-01,-1.534931269824080236e-01,-1.905252102916832890e-01,-2.278546723009292341e-01,-2.569874866590778073e-04,-1.954007078864597458e-02
-3.569008633696359456e-01,-3.197708391299931840e-02,-1.239662732126718854e-02,-1.528229327712280483e-01,-2.456480503728092624e-01,-6.815671399359533866e-02,-5.624324979771126720e-02,-1.754309908158394049e-01,-2.816330545800094232e-01,-1.967710555125487260e-01,-3.266421363738293837e-01,9.066084832407923788e-02,-8.962758545394448884e-02,-2.981758844971147404e-01,-9.141952288401727911e-02,-2.216807438871782610e-01,-3.280656951932607313e-01,-2.289806401998261132e-01,7.774539286031202645e-02,-2.651270928635210411e-01,-1.912746648120689508e-01,-2.451533993073368445e-01,-4.857860713723855667e-02,-1.962343366473183748e-01,-1.198389400515816328e-01,-1.944543480826283477e-01,2.618696848488205955e-02,1.551061690315586397e-02,-2.149373293916148064e-01,-2.841506677733984243e-01,-2.130326051075428218e-01,-6.197469849295676042e-02,-1.179012566945550067e-01,-1.734735660651172406e-01,-2.094756936402751568e-01,-2.215406289793737382e-01,5.503685191618434142e-02,-3.513434146311195973e-03,-1.137628837404792148e-01,-2.088150474716675975e-01,-1.704097981672215989e-01,-2.012814205725072803e-01,-3.236395766359892456e-01,-9.924520330018271608e-02,1.405803931620012714e-01,-1.635196416220459359e-01,-2.099757927408164027e-01,-2.650055650364316895e-01,-9.600822025515276525e-02,-2.177753779350743435e-01,1.491638114075630878e-02
-4.713962748158736366e-02,-7.464331727647896542e-02,-9.100591772531826384e-01,-3.272007201563879170e-02,-1.865355466597213852e-01,4.333685169786079261e-02,-1.912547948867564240e-01,-3.116672574439290425e-02,-4.106469575386482995e-02,2.219171975472281622e-01,1.151499667759724316e-01,8.174509753551275626e-01,-1.580325172909615161e-01,-8.228745727663026033e-01,-6.611949356326876637e-02,-2.100368532445797964e-01,-2.301869344866517286e-01,-8.849839784886452676e-02,-3.315512184290415193e-02,-5.396078935547262700e-01,-1.652149640718702517e-01,-2.893366757788650920e-02,-1.444909754793518297e-01,3.666611432845525570e-02,-9.774897153640554892e-02,2.872003196291755128e-03,-1.580117125755018948e-01,-2.190984161410109224e-02,-2.721557677011226528e-01,-5.556545546747169301e-02,-1.984441444033886170e-01,-2.539817738686609566e-02,1.453094750074579999e-01,1.438460646680899402e-01,3.420412201640048444e-01,-1.472989208718297194e-01,-6.827950477818893471e-02,8.118788147502153940e-01,8.311807789974728911e-01,4.416582233489071418e-01,-1.285672293388058773e-01,2.034710947797620517e-01,-1.018905795528387941e-02,-5.497353096267005614e-04,2.781768558568135652e-01,-2.313805600882031521e-01,-6.358912378922353392e-01,-5.729799371670792757e-02,1.271672024180532157e+00,-2.178487063364290821e-01,-1.457091143362987173e+00
-2.824632455049113089e-01,-1.710576624534102669e-02,-3.027613230867717831e-01,-1.794585031065575598e-01,-1.449740440145705633e-01,-4.706917247926994952e-02,-1.616943733766426361e-01,-9.053537257986866982e-02,-1.324864042483509669e-02,-2.364776176695997101e-01,-5.646344428724142661e-02,3.886509281512397496e-01,-1.433247726224773366e-02,-6.112858135038786722e-01,-1.878748610716405310e-01,-7.198984913476967618e-02,-2.279770444600293378e-01,-2.784706994414188896e-01,6.965237444286814794e-02,-3.626168851677061267e-01,-1.725943402752406208e-01,-2.300325440488690254e-01,-2.336742236170590015e-01,-1.242682698266594082e-01,-2.396072585345303263e-01,-5.996142671243628181e-02,-7.897350138631945016e-02,1.028554384348437552e-02,-2.470807134584125098e-01,-3.007366138081964957e-01,-2.613728946633577799e-01,-1.996057643646226565e-01,-2.284307196098860418e-02,-4.915061270073776793e-03,4.828546743221245330e-01,-2.279301520780548929e-01,8.090577135550268417e-02,-2.357619662033441921e-01,-2.089348990840449172e-01,-3.121501363202914270e-01,-1.767688956176300397e-01,-5.579206036363795404e-03,-1.191920758296427935e-01,-7.400829952935251976e-02,4.603463780837232511e-01,-2.380065638174526932e-01,-3.392495600250901577e-01,-1.772625901416830796e-01,2.714210611739022450e-01,-5.947212848392377516e-02,-2.088851140674741202e-01
-2.566039318867769370e-01,-3.730162648147589393e-03,-1.687685190499678967e-01,-1.657868172719033917e-01,-7.340071527161486087e-02,-1.723819030438994149e-01,-2.090197501791112022e-01,-2.014878484977200290e-01,-1.143314845088734266e-01,-1.901604553921272533e-01,-2.394727097150245732e-01,9.902450620696320871e-02,-2.722729830342434654e-01,-1.866743559323134072e-01,-1.966835665825915347e-01,-7.077589453593713387e-02,-2.420490223723369416e-01,-2.676695256297110803e-01,-9.547146443256969428e-02,-2.008151617552604018e-01,-2.095279550355209630e-01,-2.195525113704677456e-01,8.543393997778500268e-03,-9.276469076154293669e-02,-1.808687165584072221e-01,-1.889792673582610383e-01,-1.041177760360252440e-02,-1.294684897296911885e-01,-9.300956115644290478e-02,-2.068335443220109260e-01,-7.516265237030467228e-02,6.323163829152934380e-03,-1.742216838120410338e-01,-3.115049084960665529e-02,6.298257576619567533e-02,-1.268392910855278832e-01,8.887561577485802999e-02,-7.416717697000282938e-02,-2.235038915501488810e-01,-2.445697866700781431e-01,-5.132064456416134124e-02,-1.744387248646561417e-01,-1.202181110236821421e-01,-2.276459502162202220e-01,-1.073318048774377226e-01,-1.669346820805667209e-01,-4.493086964311528153e-02,-2.384020809285320730e-01,-2.203394353407445716e-01,-8.126286324649786841e-02,-1.018907238023279704e-01
1.512548771957723248e-01,4.434230371942306931e-02,1.130839179244458981e+00,2.109300908808938724e-01,-1.398410325209528959e-01,2.257258718193386193e-01,-6.600755594382427816e-02,2.272125486490860213e-01,1.690088400484401898e-01,1.132167469990235098e+00,1.273715988307921321e-01,-9.429583815791440227e-01,-2.566272072655674807e-01,-7.466852289827794475e-01,-1.431851820192718006e-01,-3.318645833992250327e-01,-5.809705458042353499e-01,1.100483430243940630e-01,2.829811012478243570e-02,3.876708728175977114e-01,-1.063660435319522257e-01,1.850402993433683529e-01,-3.370874742577052718e-02,3.867228121084725911e-02,8.940251813750466070e-02,-1.432252744228673103e-01,-4.380619024766201769e-02,-2.625410364418427622e-02,6.406077967944097395e-02,-1.040751292430381475e-01,-1.903421791565068077e-01,-1.676649082085744091e-01,2.237357393563554897e-01,3.045504108823253731e-01,-6.844964123264082323e-01,-2.054648251186386720e-01,5.628180175642483879e-02,-7.852750310655258470e-02,-1.245112571643374411e+00,-6.254527868849757422e-01,-2.163181857708689967e-02,2.064022862516184109e-01,1.430068898794814025e-01,6.336982262847060121e-02,-1.751639751752385399e+00,-2.074429099687880584e-01,-2.041926247918446000e-02,-2.016538549361789612e-01,-6.425761553406359461e-01,-1.674275279539925720e-01,1.117012673013251023e+00
-2.259940628629768800e-01,-9.050775690852735922e-02,9.224811349290734652e-02,-1.046982764386423237e-01,-2.360824359636083114e-01,-5.205278122515777373e-02,-7.415435406329323742e-02,-8.839817126216274745e-02,-1.686970666465691104e-01,-1.060464882441984891e-01,-2.333477373237718144e-01,9.944681239563493702e-02,-6.364337576148834663e-02,-4.013857413976651967e-01,-3.064660655675005216e-02,-3.490765559517586270e-01,-1.933048504905783282e-01,-2.963199558482718654e-01,-9.406455720149761723e-02,-2.903565766580411545e-01,-2.668848668221516784e-01,-2.546317177088132655e-01,-6.960163322537142594e-02,-2.712723884213349423e-01,-3.084561904113948261e-01,-1.276656957556442651e-01,-8.515482800824136778e-02,-1.947887328096395698e-01,-2.708891931846663104e-01,-1.286606217066317559e-01,-1.262677302159122272e-01,-9.563567744524077707e-02,-5.645651688296884907e-02,-1.162704649030609910e-01,1.511840063712116544e-01,-1.676742345017794289e-01,-8.574316043252738773e-02,7.121155969718892531e-02,-2.157175116512325408e-01,-2.266162388730526278e-01,-1.411652430517638390e-01,-3.287556632375732840e-02,-1.948134303184052840e-01,-2.353769115162752390e-01,-1.419211143954662024e-01,-1.139140232627357530e-01,-1.781758201731402091e-01,-1.283636222381510650e-01,1.926402413746814216e-02,-2.188686430734581023e-01,-1.197675198331064061e-01
-3.252456904911681934e-01,-1.084117122424151369e-01,-1.527272890544122044e-03,-1.216782240166155715e-01,-2.350545843163794335e-01,-3.977216720747217549e-02,5.585843616772128567e-02,-2.985260489958846963e-01,-1.599118677465490301e-01,-3.408859026741431486e-02,-2.803512052252572495e-01,-2.638603935225024566e-01,7.357298305867270294e-01,-6.484681525803574764e-02,-6.497160432735482605e-02,-8.085405051589398262e-01,-2.305657750553069540e-01,-2.208692388099837145e-01,1.269672682915804277e-02,-1.291341334162862502e-02,-2.058803393920096980e-01,-1.299612146471219587e-01,1.165140365669403016e-02,-2.867522465970350765e-01,-2.631579027923485747e-01,-1.333568910210291593e-02,4.014509195111488210e-02,-6.878988374480517198e-02,-1.373342725982885648e-01,-1.102490323432204489e-01,-3.352856814387505241e-02,7.187572980823865587e-02,-2.170208137949111715e-01,-1.187372003308347079e-01,-1.111965915630020174e-01,-1.109712860004675727e-01,2.161420335202985862e-02,-2.171979936651603216e-01,-2.000814989978408343e-01,5.805763953695037421e-02,-6.326056647120564813e-02,-1.890190735393536270e-01,-1.485911322279442059e-01,-2.672955327859433128e-01,-1.195966143864961861e-01,-2.248525716615643599e-01,-2.101099192876511035e-01,-7.023308158610035157e-02,1.136455679517395234e-02,6.447649135400036410e-03,2.347407329189518943e-01
-3.564080128828360228e-01,-1.488064689566531429e-01,-1.074819504726977903e-01,-3.585176583636267011e-01,-2.207886882742277068e-01,-3.211929693983218148e-01,-1.114977371681503959e-01,-2.846212756655046028e-01,-1.399860027141654195e-01,-4.342768618460626784e-02,-3.383420574255453506e-01,-8.099477876904416160e-03,-1.628378805950492780e-01,9.880693115337696453e-02,-3.653132377279989795e-02,4.835341398631133603e-02,-3.925435496771957355e-01,-3.668014395077403567e-01,5.842550417550310474e-03,-1.437529647913904016e-02,-2.545379145360640583e-01,-2.466007145416279633e-01,-4.766773547002327305e-02,-3.453950319527517299e-01,-3.162918816664061494e-01,-8.021932652727617463e-02,-6.486126025183905353e-02,1.824644241727848767e-02,-2.883339012377916233e-01,-2.833107122006702783e-01,-6.772406174404455026e-02,9.191068557524223123e-04,-1.810591662248788591e-01,-2.434803799429969551e-01,-3.014968119539819802e-01,-2.496547909118342345e-01,1.007841627087354835e-01,-2.432166831150514921e-02,-1.035866538703076600e-01,-1.187810725779756271e-01,-1.028134134467082322e-01,-7.968491607748781624e-02,-2.871879212058214836e-01,-1.086552639389491842e-01,-9.300775749664542957e-02,-1.795608915287572396e-02,2.624971094706561592e-02,-1.602983021771522687e-01,-2.643390766434908778e-01,-2.678365303437161074e-02,1.324568627392535280e-01
8.242218186373323485e-02,-1.727295303226936835e-02,8.578494071851371083e-02,7.868422376539774277e-02,-7.070294715338476532e-02,2.732990051369403872e-01,-7.774725806294413566e-02,3.584061910355228198e-02,3.054978218000203513e-02,-1.005832733735451123e+00,6.639560922979468975e-03,6.373943739681292575e-02,-3.829817862297426045e-01,-2.737333709519146341e-01,-1.126554268065273201e-04,1.023440787511542771e+00,-1.295910498562163449e+00,-6.595326421111287474e-02,-1.131995155724538210e-01,-1.277616350686265667e+00,-1.472381891437769819e-01,1.556455494274262275e-01,-1.841836337155355052e-01,2.028075853798977715e-02,7.213571764797487018e-02,-8.716997697928507505e-05,-1.035532270199715499e-01,-5.504907159887537094e-02,-1.015592172247400254e-01,-3.205613626712121578e-01,-1.151728629210774513e-01,-1.724213340605324496e-01,2.051687365804590046e-01,3.657589972201490403e-01,7.391760092025571049e-01,-1.147184649911182491e-01,-6.690571995275063077e-04,3.501231881065250962e-01,3.431769172048309002e-01,-9.704489720890400184e-01,-2.268958114456244013e-01,2.753478247352793562e-01,4.299769980406929759e-02,2.111412520999972897e-01,-1.530832644550122579e+00,-1.286736037727918835e-01,4.153244342173551540e-01,-2.223088394382940758e-01,2.251280551313375455e-01,-1.605904840111774812e-01,-1.336250508099890322e+00
-2.702262816702805659e-01,-7.290318429103008480e-02,-9.799192230697903461e-02,-4.319482703911372568e-01,-1.768101574673160981e-01,-1.037979292591253155e-01,-6.058079003753281955e-02,-1.645971541862600862e-01,-2.248588068876238300e-01,-6.562808900290552361e-02,-1.881596446152969671e-01,-1.213817501362067786e-01,-2.343697478435429749e-01,-1.085252390184731908e-01,-1.354988824525507063e-01,2.001677979702292179e-02,-4.314030767351561546e-01,-3.198655720213562925e-01,7.308279447804578999e-02,-2.878202505709133718e-01,-2.367541106221836833e-01,-1.897076092741976638e-01,-2.131935205603235350e-01,-3.155177796044967287e-01,-3.249206860651086548e-01,-1.066680574553627442e-01,-4.457470312259517037e-02,-1.479641308881406714e-01,-4.086297971487530822e-01,-2.305631997238576647e-01,-1.200760747090525715e-01,-1.873018202594628201e-01,-3.537210322136793983e-01,-1.213987357952380081e-01,7.336917602911569025e-02,-2.737578514510382033e-01,-3.652588615569471453e-02,-3.596728296930291197e-02,-3.502205724216108651e-01,-1.862347626516374088e-01,-1.170253094065661914e-01,-2.210555311178249716e-01,-2.827740614384973705e-01,-3.042504339862493468e-01,-2.690459146912685742e-02,-1.753810838642148873e-01,-1.189043177489862435e-01,-1.859452942277059206e-01,-3.444931815817151577e-01,-1.914362708773422739e-01,-6.255128156572496712e-02
-1.128836137100308334e-01,6.251255803534244704e-02,-1.548168799374774474e-01,-2.280747602493273796e-01,-7.236745300706713679e-02,-2.356967167333071378e-01,-1.902790339058649804e-01,-9.186463916728238033e-02,-2.115420216735695025e-01,-1.191556337844911911e-01,-2.231362267798967236e-01,1.297292873537798097e-01,-7.437692257573815663e-03,2.446546576421050265e-02,-9.253571608752231281e-03,1.788822758315710693e-01,-1.856794612900684871e-01,-2.839731540922296738e-01,-3.549618544249925900e-02,-5.535513749106039244e-02,-1.191339216464329526e-01,-2.212041336139750902e-01,-3.470386409617861462e-02,-1.165155660107559527e-01,-1.423680444013551150e-01,-1.360205278665170825e-01,-1.419059047313660782e-01,-4.657213352277611573e-02,-1.224855002530548520e-01,-3.301860963982055641e-01,-1.775232087162688377e-01,-9.721676943938105386e-02,-2.507996450887079454e-01,-1.271987564628939416e-01,-2.101204241697296748e-01,-1.390490013880835152e-01,5.386560397552548479e-03,-2.763560313479546809e-02,-2.013024728934241225e-01,-1.211369168190140760e-01,-6.931788611810135725e-02,3.630693584227588644e-02,-1.017011303713799969e-01,-1.630113658961887257e-01,1.977178271726327125e-02,-9.358183730186875326e-02,-4.611279595272112924e-02,-1.329973434583777425e-01,-3.009651878853886742e-01,-2.494897847004545755e-02,1.829952496120757222e-01
-1.041962240079725988e-01,9.403407916004050127e-02,-2.433558288962403893e+00,4.081955708868793137e-02,-3.957259823590351250e-02,1.497914073359014053e-01,-2.053867350145440751e-01,-3.113821613173186134e-02,1.221546160887509447e-01,-1.004842667041438542e+00,8.141288802916704648e-02,-7.149539921927579034e-01,2.985816727981251972e-01,-1.224969947546483473e+00,-1.453665306333901952e-01,-1.449132814679079395e+00,3.738964401492748946e-02,5.555572926437620657e-02,-9.964269369432335322e-02,-3.752881954105315443e-01,-4.720967147859776031e-02,7.897311202920005713e-02,-6.273107483555246944e-01,7.253255923521516324e-02,4.127947865033311341e-03,-1.725626806748918329e-01,4.337165370600216951e-02,5.083538619066086013e-03,3.429064305478545839e-05,-1.619386878831635124e-01,-9.068248447633485421e-02,-1.037290867844462838e-01,-4.228641774957690030e-02,4.619726793365712403e-02,-1.082466012658869881e+00,-5.329408499160576129e-02,-3.724892673304164986e-02,-5.472834510218235193e-01,2.452810409658441604e-01,3.520201965598303562e-01,-4.501517802274150604e-02,1.081087562368293203e-01,8.747717359477072407e-02,-6.346821399947287501e-02,2.798532017788672999e+00,-2.397188552705978304e-02,-4.928196108237336004e-01,2.596393907828797518e-02,5.815144074938412011e-01,1.457397555339340171e-02,1.285198677022374725e-01
-2.556205266097335560e-01,-2.541362854739431451e-02,-4.888712525251884267e-01,-6.739246285159841698e-02,-2.194130709930676437e-01,4.239050633955659952e-02,-2.074057174295891870e-01,1.827227920159210303e-02,3.474289995855294605e-02,4.840371291734719139e-01,-1.408767888466365414e-01,2.031894825522082004e-01,5.433527597504740347e-01,-7.442496122789330482e-01,-8.369796786065349103e-02,-1.645171802994627175e+00,2.611684033951457429e-01,-2.586594644651193375e-01,-4.497050813792811963e-02,-1.004291258249561114e+00,-2.068927128292966933e-01,-1.388355801891140995e-01,-2.966151903405830903e-01,-1.467302830610201780e-01,-4.694563423632458488e-02,-1.685437951427659342e-01,-1.495700527456467754e-01,-1.490038378386696408e-02,-2.094627210600768785e-01,-1.072945532334464713e-01,-1.461060349111153456e-01,-1.696564289523913582e-01,3.131624764935325538e-03,-7.564673166572254137e-02,4.158553754547930636e-01,-2.060290218275374341e-01,-4.041099686770542598e-02,-9.689478076883277780e-01,-5.701565995353190530e-01,-5.634038524526325808e-01,-2.556652940379189332e-01,-1.160974858095980417e-01,-1.398911620169663028e-01,-1.629455429773644104e-01,8.477017212672769420e-01,-1.057695267186756910e-01,-9.685307232716613424e-01,-1.586810581011919297e-01,2.150123809768783811e+00,-7.561526610107118310e-03,-5.459165367558717064e-01
-3.397152097083531719e-01,-1.792656270228398102e-02,-2.012874419506906487e-01,-2.848913876129065548e-01,-2.316352890011431631e-01,-1.990967202896482824e-01,-1.572779141318886853e-01,-1.521999698752630470e-01,-2.542849462964972829e-01,-7.131562164857929709e-02,-1.547425491351231697e-01,-6.376093694584163141e-02,-5.906245657966329582e-02,-9.364094614294070362e-02,-3.878162627439374344e-02,-2.063958691942782142e-01,-3.545030693050060244e-01,-1.486808188722808233e-01,3.094901271685534389e-02,-8.667911482146170576e-02,-2.182856270199257376e-01,-1.192393813200664510e-01,-5.235384776382970978e-02,-1.387333046945226356e-01,-1.331600108332519350e-01,-1.418971565458322648e-01,-4.582952399355986334e-02,8.465440228578360524e-03,-1.181101421699691512e-01,-2.472834644360247247e-01,-2.894386813511418688e-01,-1.108751800816900057e-01,-1.999337747021945610e-01,-9.925646862176991381e-02,-1.616291701125701641e-01,-1.570996358675836868e-01,-1.025092198272955640e-01,-9.367389002024478772e-02,-2.858962404382748290e-01,-2.880227793202324582e-01,-1.520608410734858584e-01,-1.976049617037398398e-01,-2.603368703857641964e-01,-1.767858481123692760e-01,-1.278667804186965073e-01,-2.524517753747589355e-01,-2.603091229934442752e-01,-1.442606309313603508e-01,-2.304929673972682669e-01,-8.040592234714979969e-02,8.522286410463607298e-02
-3.612368761118525673e-01,4.247455199433392004e-02,-2.066967345348222629e-01,-2.101084716410875908e-01,-8.350305370673878624e-02,-2.873206737582992831e-01,-9.223991630659313101e-02,-2.705092225271416018e-01,-2.765361151624819436e-01,-2.395307473186155112e-01,-2.038314749418782823e-01,-2.255858589730275199e+00,1.489990185513150767e+00,2.283122670284623013e-01,-1.295672830566529377e-01,-8.492616524770045805e-01,6.064194249544502258e-01,-3.433179030837321677e-01,9.509294979308444140e-02,9.313249448159557353e-01,-1.728681272091341370e-01,-2.876975575179507305e-01,-1.138818540319216782e-01,-2.386891281233907425e-01,-2.068552485114946715e-01,-2.079654222356539517e-01,-1.116794537422935718e-01,-1.180848979796152720e-01,-1.767972474032202257e-01,-5.286010900736384105e-02,-1.928505636998326944e-01,-5.739986154171423938e-02,-1.716985414498564955e-01,-1.998652713168946049e-01,3.065898668065751287e-01,-8.664232866249016451e-02,9.156551396784884389e-02,-2.038846739112762041e+00,-3.312582283409094552e-01,-2.869870665777260466e-01,-2.401264232867374449e-01,-9.639354882002147684e-02,-1.875916020697316333e-01,-1.730896586505775991e-01,1.809273943359982262e+00,-2.050540231370014399e-01,-1.025960119092362399e+00,-1.714844687137913049e-01,1.107129726148568194e+00,-4.283564771532463039e-02,2.254080570109749271e+00
-3.971418594235837651e-01,-3.122529042194668522e-02,-1.527236436834112920e-01,-2.967286873976108796e-01,-1.396289758893725086e-01,-1.688788194546948229e-01,-1.341241368579394466e-01,-2.848878510355978833e-01,-1.621782491657006997e-01,8.786650507228520313e-02,-2.480983118578995172e-01,-7.830595890538120940e-02,8.345091597367128300e-02,1.411940918130438483e-01,-3.870952139546880028e-02,-1.317262197618863651e-01,-2.142325011733033635e-01,-3.150376896499829105e-01,9.484485845076526950e-03,-1.592884384795439645e-01,-1.329160594381391947e-01,-1.651724365696727870e-01,4.581062805989221873e-03,-2.694739079873358922e-01,-1.900884452171525685e-01,-2.627191180343688703e-01,-2.714879476075662476e-02,-1.520103732273044850e-01,-2.118451738956927677e-01,-3.630271525042201852e-01,-1.001853959218174384e-01,2.536524484606668059e-02,-2.606959885558157719e-01,6.784198971534438800e-03,-1.790270591166189806e-01,-2.325797496330343495e-01,-9.001236334928996996e-03,1.227889054248741847e-02,-8.109740176819267565e-02,-7.174581589712927809e-02,-1.008724409993182747e-01,-5.350867505988426281e-02,-3.511774628317902991e-01,-2.645914001228688028e-01,-1.747708040094304582e-01,-2.650538995118738583e-01,-1.164805104052533541e-01,-2.005243496829171856e-01,-3.185277226471788237e-01,-2.118814559236721629e-01,1.494178172098777069e-01
-2.046071360313766463e-01,-1.260848508439378346e-01,5.711563282785451362e-02,-3.687246619739362186e-01,-1.991350029576491321e-01,-4.842013584243957253e-02,-8.370708106180828334e-02,-2.568717045493050799e-01,-1.837123089055045233e-01,-4.497060838614442418e-02,-3.342922192059066266e-01,-4.960321276102394594e-02,-2.177934903633620412e-01,-1.229180173186178726e-01,-2.090034206898969474e-02,3.135625914012761528e-02,-2.461334566405863622e-01,-3.769923433807970681e-01,-9.277415548047068805e-02,-7.620191592482557230e-02,-1.925222183111853780e-01,-1.319860672097380727e-01,-6.971136297436134055e-02,-3.079102238857477358e-01,-2.441929601922241400e-01,-3.843649316400959970e-02,3.299234022700926749e-02,-5.582779210517888752e-02,-2.791129020496209701e-01,-3.784338505120177221e-01,-1.017443404679053975e-01,-1.532028591466514378e-01,-2.064934976767724972e-01,-9.767411765364319987e-02,7.600034308499800662e-02,-2.744200299281658317e-01,-1.097593612683717273e-01,-8.377386478316509177e-02,-2.885462787495809978e-01,-1.530471285630900791e-01,-2.070938804613021433e-01,-2.294459832656096376e-01,-3.914293485722561972e-01,-3.171531152114785979e-01,-8.405388346581432746e-02,-2.127479902548333468e-01,-1.853192666061420635e-01,-2.272710518805332591e-01,-1.792773894590191652e-01,-6.547502991484466239e-02,4.155477053544456151e-02
-2.058992350091029197e-02,-5.074262232665475991e-02,8.652872431910577644e-01,-1.844673592271890835e-03,-2.304663484474073765e-01,-2.213985456318464697e-03,-1.137323067180392028e-01,4.832385090445030090e-02,9.281040561094396069e-02,-5.036655838743275132e-02,5.286025162209419259e-03,2.068457543736204052e+00,-1.076195788748113280e+00,-3.954294078332239865e-02,-1.160729260420333697e-01,-2.553087176876697728e-01,9.974597973602539192e-01,-4.612409097398168650e-02,-7.539528625875457912e-02,-4.105610706851899883e-01,-2.370185633729726959e-01,-1.071226332010211460e-02,-5.185469560149299495e-01,-1.013208406624031693e-01,4.846341388645593676e-03,-2.221102378759257645e-01,6.116568808661103536e-03,-7.008925571147446576e-02,-2.812549552577642831e-01,-1.648708025200747440e-01,-2.056542232801570613e-01,-7.911979953757955486e-02,-1.159892227306661833e-01,6.058797316633775937e-02,8.949256306449814291e-01,-1.186490555839491007e-01,-1.249853190126811071e-02,-2.027909306866600758e+00,-1.025280678903984777e+00,-1.328128397454055865e+00,-1.262040796898705464e-01,5.520894046060999261e-02,-1.722728065951176224e-01,-1.186060023320346067e-02,-5.318404405171380800e-01,-1.153506244340394560e-01,1.682950686019609732e-01,-1.898388316041319662e-02,1.202813036851077433e+00,-3.806790771622069192e-02,3.766477760169366640e-01
1.800220470982569765e-01,6.052732040775458261e-02,-9.240695422374547441e-01,6.215174154588865019e-02,-1.646064008811790047e-01,2.706319763240095932e-01,-2.550660630332310386e-03,2.860790502944328129e-01,1.640017132296809621e-01,3.497526742417891299e-01,1.264497302129775624e-01,-1.732864139159110639e+00,-2.359328535975104280e-01,4.605937840700060626e-01,-9.650558046562519518e-03,-7.911397008912407491e-01,-2.336962062135444551e+00,2.376077265596325816e-01,5.473264710067600458e-02,-2.095528775033428659e-01,-1.342486573332840882e-01,2.526651534167735913e-01,-1.266109426919626302e-01,2.776025250707492842e-01,1.969730000422375837e-01,-9.757500145677942827e-02,1.745515504194206091e-02,-2.631597300471489979e-03,3.877896129113304058e-01,-1.882019148886394586e-02,-1.788946138053973400e-01,-6.454328916506561764e-02,1.974081338769449467e-01,3.331237850909942733e-01,-1.875773763207420730e+00,-2.103872325172219393e-01,-1.068029507789694799e-01,1.866448446037613174e+00,-2.749701438355929728e+00,4.198984385468391700e-01,-1.425612240293887556e-01,2.835740476889652140e-01,1.138491263590608316e-01,1.917856662866319617e-01,-7.699544560900276058e-02,-2.443971899987486263e-01,3.498157156775057869e-02,-2.059525401755376017e-01,-9.654461661162000441e-02,-6.077482587506746747e-02,-1.402848292518551920e+00
-5.812533007600230450e-02,9.832127564102698114e-03,2.169233299204289811e-01,-6.076414639806165807e-02,-1.366629970833416474e-01,2.118360556948690188e-01,-1.695998615087005168e-01,5.754121715427594486e-02,8.128748151293022084e-02,3.499230007800780418e-01,-7.812027519173094306e-03,-6.364252888464546620e-01,1.811611728078356687e-01,-5.548488595581722027e-01,-9.509657798453413635e-02,-3.855269450566895517e-01,-4.816617530736866382e-01,8.642485021934788458e-02,8.560550489352782011e-02,1.118973764264677428e-01,-2.142294326243551483e-01,-6.700074820666476749e-02,-2.850941539147698947e-02,-1.070097529671291542e-01,-2.915004423191333224e-02,-1.292912245768435830e-01,-2.367813532028173809e-02,-2.399873677801105110e-02,-1.113953322498129929e-02,-1.440707088769843935e-01,-1.110675625612911749e-01,-1.400596346608349030e-01,6.800079110278078875e-02,3.893664778748692767e-02,-4.129718603505403429e-01,-1.489787940558078005e-01,6.302343686112041321e-02,-5.251455830542681169e-02,-2.907873732477663231e-01,-1.636253108767721232e-01,-7.878093351676312972e-02,8.595813052604697746e-02,-4.135120859459139736e-02,1.193250229065414975e-01,-2.059870268657074677e-01,-1.875816910395036452e-01,-3.212238824988878361e-01,-1.678084642801846993e-01,-2.861468854288949371e-01,-1.176346565591715743e-01,5.329532328489111626e-01
-4.180337741123779649e-02,-1.022255617875083775e-02,-1.090367352773052856e-01,-1.261449661148251328e-02,-2.771748590320023409e-01,-8.741485933638049044e-03,-1.782381058080491354e-01,1.167508458339533983e-01,-3.553720897705529153e-02,4.026475586534113138e-02,9.908895971094280886e-02,-1.639519720806160985e-01,-1.177803451858438905e-01,-2.425554017208242374e-02,-1.337797751768316501e-01,-4.799091385930519538e-01,-4.576151291669224852e-01,-6.652500837159412705e-02,3.993375308620315117e-02,-2.308957230938530614e-01,-1.866649048576760894e-01,-6.243929731182550069e-02,-2.605399359038728102e-01,2.145571730741678031e-04,-1.141785311491219515e-03,-2.176710473774115528e-01,1.287822426777127452e-02,-1.284774797604652796e-01,-4.059068473229708596e-02,-3.199602507697343334e-01,-2.526062872727858899e-01,1.094568498146212751e-02,9.396094193746445944e-02,8.748908456062709504e-02,2.554475821779589872e-01,-3.368395894209289532e-01,-2.134530186291717577e-02,-1.667380254538497752e-01,-4.252143167839705362e-01,-4.992335150681416200e-01,-1.350987581749925337e-01,1.725267550336717359e-01,-1.079480469605612891e-01,-5.754103223840425357e-02,3.541567286339323828e-01,-2.400682089808335862e-01,-1.610993605226068437e-01,-2.567733255028291639e-01,5.723390343900494059e-01,-1.707185289297003805e-01,4.171971089370991176e-02
-1.016621256307432275e-01,-2.423542328678517446e-02,-3.331864870876111717e-01,2.401912178229610034e-02,-1.014607771869786984e-01,1.317056469655837614e-02,-2.065223685278423094e-01,1.011924542113954162e-01,1.594856660009776050e-01,-1.298229027015160575e-01,1.170023602741808444e-01,3.501991740021439831e-03,-2.416258206774152609e-02,-1.289015573438302975e-01,2.388263158704923006e-02,-6.883487418198384056e-01,-4.833843730920234782e-01,6.681776802469466259e-03,-1.203311024324793810e-01,-8.084768627591405465e-01,-1.720560516725549716e-01,-2.361907851590269378e-02,-3.408718767671662375e-01,8.427138748191051465e-02,3.709447207783039824e-02,-6.176208968171150761e-03,-7.963392883776931885e-02,-1.252761717216339943e-01,-8.592685512039417717e-02,-1.073311082326117299e-01,-1.936931161377944965e-01,-3.549733976327224677e-02,6.192179642634142861e-02,1.443988731377631174e-01,3.989229872482872863e-01,-6.946006576630825435e-02,6.107724254465290992e-02,-8.803875636856686171e-01,-6.816384106529842501e-01,-7.492072656609679582e-01,-1.871488927273458336e-01,2.078618399321092436e-01,-5.935768594510002112e-03,-2.213603217494566552e-02,5.909241477846429724e-01,-2.686895322945445086e-01,-5.337547050546060934e-01,-3.437834911586903908e-02,1.016654754743428146e+00,-1.427215372975618700e-02,1.367470434044098793e-01
6.103803289290811451e-02,-4.446001268826706848e-02,-7.326605692227595723e-01,2.920103582370079179e-02,-1.388375556846493664e-01,1.103048030188452516e-01,-2.054129868846514551e-01,2.837258378619678459e-02,1.315383375352004725e-01,2.514862013716897549e-01,-6.462241856078834203e-03,8.919508314995789888e-01,-6.957974693234500463e-02,-4.221188920357741431e-02,3.767114779646526385e-02,1.772045617154432984e-01,-4.211468589541792484e-01,-4.278950769022894091e-04,-3.840564508993385071e-03,4.248292057930107002e-01,-1.095046427509740322e-01,8.346708808241466715e-02,-7.969107107176374993e-03,-5.074419474096491384e-02,2.045313828785781385e-01,-1.527483507099023641e-01,-3.109807258490654772e-02,-1.816314461654529311e-01,3.288034645903001318e-02,-9.280860695015785700e-02,-2.989565146683753269e-02,-8.844642391641301116e-02,1.186081053635520549e-01,9.384178947949647909e-02,-9.445217482372531004e-01,-2.417017529449133340e-01,-8.498508953666929211e-02,3.367248035372774617e-01,-6.381981589485504758e-01,5.978631520721499060e-01,-9.478606463638645369e-03,2.371160877966141944e-01,1.798804363479755974e-01,2.154537150625306444e-02,4.072693010818714265e-01,-9.581663598920907299e-02,3.286791769812620889e-01,-1.940767012247494316e-01,-8.407639200504113397e-01,-1.592469258719663439e-01,-6.041307068308494205e-02
-1.160934839471479407e-01,7.097918819414156255e-03,4.288338730866517734e-01,-1.417638346887938605e-01,-1.134446557239797149e-01,1.115489219163394996e-01,6.238961597088475350e-03,8.187489043123338806e-02,-1.087482594050749457e-01,-1.268755937367049391e+00,-1.230443421331016973e-01,9.979913419287608223e-01,-7.376578749692076498e-01,-7.191208554747520465e-02,8.353327116751258635e-03,8.846864664480611484e-01,1.236295770045128667e-01,-1.043856253082753663e-02,-4.037696242860253082e-02,-1.012510349260910436e+00,-2.604878143485014896e-01,-9.337142408890378165e-02,-5.684887359120669448e-01,-1.743278174392146607e-01,2.840336691007640940e-02,-2.019398154126700040e-01,7.618035412557952642e-03,-1.625595245637926900e-01,-2.070200727993343759e-01,-1.758903395722718477e-01,-8.745260640437034494e-02,-9.995390802761411342e-02,-1.109519877152761180e-01,-1.745090700378291310e-02,7.296877995793608074e-01,-1.371286595741187664e-01,4.821793661334949910e-02,-1.031354479185482953e+00,-9.920653664940302097e-01,-1.249588335372743053e+00,-2.212941881652017440e-01,-6.931000300325766694e-02,-5.576481753348393883e-02,-4.037586100005094436e-02,-1.451343566805139540e+00,-5.213781100990352857e-02,4.600038016272862684e-01,-9.069608022511400913e-02,1.988328181994026000e-01,-1.724494131655711915e-01,-9.581559938782329144e-01
-2.216947757385514806e-01,-5.952407003840951699e-03,-7.860178031849633651e-02,-2.850820318036952350e-01,-1.436880941626373920e-01,-1.494972885304290955e-01,-5.939189591453725159e-02,-6.408592884558506064e-02,-1.425012672360930488e-01,-1.100015143442020643e-01,-5.995160984574431778e-02,-1.525765390971436375e-01,-2.279425718800789091e-01,-6.430360901388616941e-03,-2.100296026621879808e-01,1.003500306280371429e-01,-4.673842308069812157e-01,-2.687408317834651950e-01,-3.777493200721824401e-02,-1.612944962923546777e-01,-1.603271649368442908e-01,-1.065915476200314932e-01,-2.964323966208319908e-02,-3.584604056051787224e-01,-2.392168932887369925e-01,-1.649708700978933795e-01,-1.073290009455712783e-02,-5.401421746336520363e-03,-1.969466752871118498e-01,-2.654203805428534402e-01,-2.657010479108075640e-01,-2.191880645621740176e-01,-2.278108737732854605e-01,-6.258564513525317896e-02,3.843379332235459800e-01,-1.724349595018639103e-01,-1.026163888581766437e-01,7.124355000972465435e-02,-2.657010783730926473e-01,-2.133971704842686223e-01,-1.024234002583474384e-01,-7.782191073621676225e-02,-3.250168014470055655e-01,-5.255564962601249474e-02,-7.637188467420384652e-02,-2.012203590853334223e-01,-2.447730774896029471e-01,-2.734720972900384628e-01,-7.365508237400257563e-02,-1.353228231815491178e-01,-5.100658158772759104e-02
2.755823795521081948e-02,5.265094521703044678e-02,3.569404829866617002e-01,-1.062802639573633551e-01,-4.243536738782934664e-02,-5.475102125172918999e-02,-1.018236220130641981e-02,-5.535903949612303726e-02,1.061559172937275204e-02,-1.985491783222134432e-01,-1.204188660201572225e-01,7.794698095386184966e-02,-1.131466922006984926e-01,2.665352002172956536e-01,-1.477586478339975862e-01,6.934907328971715579e-01,-6.473435477263187465e-01,-1.204700280772656451e-01,-2.665282004246506339e-02,-4.635467027135111578e-02,-1.249640412692807484e-01,-2.626178471892791702e-02,7.769892919959231654e-03,-3.304028351785376350e-02,-4.020759053573871866e-02,-1.112671798051972083e-01,1.640277358003178199e-02,-1.706565307172661361e-01,-3.360219692924988621e-02,-1.924096726087823339e-01,-8.745942359228883745e-02,-7.545926331261594566e-02,-1.132618779498323763e-01,1.396969845571474078e-01,3.944232714844735366e-01,-1.662889298119080983e-01,-4.051450736605618358e-02,2.393430655905192939e-01,6.022344739210266917e-01,1.717570023123179690e-01,-7.963883561374458797e-02,-1.290325307464578256e-02,-1.447175143884692761e-01,-2.429113782559158205e-02,-6.019487284059859000e-01,-7.708983628197438320e-02,-7.743097385218542829e-03,-1.839872295980900796e-01,-1.434036506383527809e-01,-4.739475402758190625e-02,4.875153523931478189e-02
-1.936894874862911675e-01,-8.418870262630416546e-02,1.389380247477958914e-02,-3.013901731575415743e-01,-1.472146210222999296e-01,-1.727932040719725726e-01,-9.679392185778309954e-02,-2.418507882765250638e-01,-1.983574331813340585e-01,-3.274635090310158703e-02,-2.772113967865263984e-01,1.171390879926210689e-03,3.321497722755024917e-02,-1.201234571756913116e-01,-9.105901407744376730e-02,-3.220523834556464071e-01,-3.791270554403846083e-01,-2.547831935605879838e-01,-3.485088921698270559e-03,-1.604867672008039314e-01,-2.644182982562987005e-01,-1.149573371939020816e-01,-1.449409910176835126e-01,-1.339913814959615423e-01,-2.735603187320032048e-01,-1.547211172560795378e-01,-2.589213947124551288e-02,-6.387726271289513244e-04,-2.990251059805444922e-01,-2.765976806079969430e-01,-1.070330197413622564e-01,3.984043740005765478e-03,-1.542592080071854554e-01,-1.346456957761315021e-01,-1.355000373533352120e-01,-5.794494660341822923e-02,-4.466314372614750561e-02,-5.837566539315926922e-02,-8.427975165296240634e-02,-2.090452514580876386e-01,-2.097303798390223184e-01,-1.815182331920123515e-01,-2.725437350727037411e-01,-2.062895836999407151e-01,-9.776129801520935803e-02,-1.648002328435090591e-01,-9.838210108137046550e-02,-1.043897202752885334e-01,-3.014281680925100515e-01,-2.000070382688863557e-02,-5.918190752775061986e-02
-1.988384836259158017e-01,-3.704487839763392215e-02,-5.429083645016826581e-02,-3.612299516042494774e-01,-1.678467599174112701e-01,-1.886778574559244970e-01,-2.666770558577069572e-01,-1.085206505872049060e-01,-1.600049074969705498e-01,4.283585850485426699e-02,-2.418284994949876920e-01,1.355941417727623000e-01,-1.446003028281954983e-01,-4.963720090757899883e-01,-1.785639397877508139e-01,5.352395024679007345e-03,-3.711973965346396787e-01,-2.250649067279320847e-01,-1.430107115424380515e-01,-1.269423704903121508e-01,-2.017308622714064914e-01,-1.671341785830631199e-01,-9.058994403935831385e-02,-2.852434844853182772e-01,-2.313767028583449126e-01,-1.057432273979578979e-01,-1.376821739117516097e-01,2.829650914532470460e-02,-2.424001323003518449e-01,-1.901504191252078313e-01,-1.630466533727614187e-01,-6.146263613975826157e-02,-1.128503972892856838e-01,-7.224511741883465898e-02,1.886934996144004895e-01,-2.004174372927993164e-01,-1.423896548152680033e-02,3.839366200043254490e-02,-1.975635551400216627e-01,-2.682362592344752494e-01,-2.737404330996249802e-01,-1.862624204942184836e-01,-1.794050691532215469e-01,-2.023340423252327491e-01,-9.721312689147423858e-02,-2.874459910610850932e-01,-1.799530933935861721e-01,-5.399919237960033175e-02,-1.759086111238240546e-01,-9.508229397410240119e-03,1.917491202637409270e-02
-1.954627033407252967e-01,3.972314105660195577e-02,-2.570338763599392395e-01,-2.840577435902000292e-02,-2.669523370965718456e-01,-1.895339101671268418e-03,-1.400810116983184916e-01,-2.957296063480718135e-02,3.324026624583341534e-03,6.743644245322613640e-02,-1.409063627016537146e-01,-1.710762974445612095e-02,1.202237117794775351e-01,-6.055541156570415362e-01,-1.132393906416855056e-01,-3.185813617966472000e-01,-5.897503145117665574e-02,-8.549988731129269659e-02,7.671041727272460975e-02,-3.106624226327799054e-03,-1.873902315756827974e-01,-6.581337846740398234e-02,-1.295898017950394554e-01,-1.432613423263520147e-01,-1.069430614085509351e-01,-2.556959690249917538e-01,-2.927708739264271720e-02,-1.592874289603393168e-01,-8.026161045801293026e-02,-1.593263482105648499e-01,-9.711617512106250627e-02,-2.381863389106191609e-01,8.611220083397175262e-02,6.915960403351650854e-02,-2.647061362969189702e-01,-3.494292438455630645e-01,-8.937354941065614455e-02,-1.046854853799120966e-01,-9.736846336594916218e-02,-5.025046054412755925e-02,-1.796790547435283547e-01,1.801399063760509567e-01,-4.976037354299859411e-02,7.330026082161211765e-02,2.252867950894786864e-01,-1.451333740233150815e-01,-2.955322092611675777e-01,-2.096874596606023156e-01,-1.256704698206878856e-01,-7.997470336608591968e-02,2.336510089890776465e-01
-2.912679797282505811e-01,-4.362824819164651431e-03,9.785399163774652007e-03,-2.041767514118325300e-01,-1.815904411090152604e-01,-1.668615544538703532e-01,-1.822595870575708099e-01,-2.543265601004021659e-01,-1.820349262566857140e-01,7.237786474144555227e-01,-1.851222131242416247e-01,1.117520972062232998e+00,2.082359546650799920e-01,4.918625849310394593e-01,-1.260176694973350886e-01,-1.589530747428572199e-01,7.274702602782907590e-01,-2.790468849369048265e-01,6.471000794372272491e-02,1.447747521713323104e+00,-1.080289403528469916e-01,-2.853105087350547575e-01,7.033212266334397389e-02,-1.909972329541409497e-01,-1.723382565052166415e-01,-1.686109825893224445e-01,1.778603144789129079e-02,-1.180092762642896698e-01,-2.149197746764753003e-01,-2.534018912686741842e-01,-2.202684799076562450e-02,-2.235483712169450410e-02,-2.860838603975237593e-01,-4.979831593445020743e-02,1.244281612196849671e-02,-1.140223712469622813e-01,-5.393464009095804562e-02,3.082000769677218921e-01,7.765326334480181503e-01,1.204708812454637679e+00,-4.333222621722705031e-02,-2.026324964714857346e-01,-2.969665785710288719e-01,-1.445723725787449176e-01,1.116399334430008938e+00,-1.207812044431039872e-02,-1.502679307191133462e-01,-7.377014695994392468e-02,-1.255047965872747362e+00,-4.756394886044351678e-02,1.127031358361440860e+00
-6.544803111289703157e-01,-1.303799498380232014e-01,1.693862766153313659e+00,-4.707999034911907743e-01,-5.637223266342266531e-02,-3.541443719166492143e-01,-1.402726902115395725e-02,-4.141966767415963813e-01,-4.640687496167335002e-01,-7.434636900614931543e-01,-5.004038660386617154e-01,-1.400588525715528831e+00,1.660480968884535891e+00,3.517684806260763075e+00,4.050474385836577013e-02,1.910083430646156710e+00,2.610854784866812661e+00,-4.601107741060737610e-01,-1.036172618717648847e-01,1.215450046741812758e-03,-2.237139035370530327e-01,-4.541117245403549219e-01,7.225662135831871780e-01,-5.266015002363386710e-01,-5.417675815551122875e-01,-3.516909721998835725e-02,1.769365288310937867e-01,3.889295145661302716e-02,-3.350513391570995037e-01,-5.631341650003942462e-02,-3.925176160828038746e-02,-1.136777476662882563e-01,-4.272528076864245961e-01,-4.719851854581725292e-01,7.002857228016042823e-01,8.072321358220214266e-03,2.145992597669161076e-02,1.757087533270776492e+00,1.660957883705802995e+00,7.260641731930002063e-01,-1.046927659660082909e-02,-5.612263469427134499e-01,-4.269458677053445395e-01,-4.090464993922011683e-01,-3.763571925759674475e-01,-2.975590000761143411e-02,1.961853243861213514e-01,3.215880455315046210e-02,5.178590714427837999e-02,1.749562109243466348e-02,-4.080554425664381646e-02
-1.126587630134879559e-01,-5.451560148955263835e-02,1.526166117755838547e+00,1.255684579554631683e-03,-1.009924032482166917e-01,7.861579069272572884e-02,-2.157025734429591224e-01,-6.890371114567328537e-02,8.039896951432293215e-02,1.084104399110078498e+00,-9.371965841814709763e-02,-2.132848931045705942e+00,1.857398641300610220e-01,-9.668949262185999594e-01,2.106125780915463555e-02,-1.101789473422369436e+00,-1.889200298190089888e-01,-3.195365637544976545e-02,2.187548414849694797e-02,-2.341810135850812546e-01,-2.466839698013854332e-01,-7.241393758068395692e-02,1.978622362613192132e-01,-1.529934686109785114e-01,-1.188572724173318773e-02,-3.224255998566406822e-02,6.096278511595461941e-02,-1.769103873707165431e-01,-1.194881412722849090e-01,-2.671591839455972894e-01,-1.603082206696476719e-01,-9.355701696065225892e-02,-7.725802594783554023e-02,1.395583108868139466e-01,-1.861376016683967960e-01,-2.752719967774638343e-01,-7.832459230842803155e-02,6.298976751485007020e-01,7.442981833562500871e-02,-2.649647569774484790e-01,-6.204379383823412086e-02,1.275928332246754060e-01,-1.425845367558674914e-01,-9.844266582503709284e-03,-1.487470211574572598e+00,-8.857677387565422722e-02,-9.960207227603407043e-01,-1.979161063987228408e-01,5.570617035304330500e-01,-3.296535845359327421e-02,8.548684072176812587e-02
-9.516109977933706610e-02,-9.212147138599501017e-02,-1.926718325138610660e-02,-1.031141579968967992e-01,-2.073930720043509202e-01,-2.064503166347380070e-01,-1.197184156647533859e-01,-2.302086078230567434e-01,-2.151031950282518423e-01,-4.727710216301902330e-02,-2.437080130425242352e-01,1.306005860792961715e-01,2.235656983839182099e-02,3.566511594933763907e-01,-1.423531113004139481e-03,4.677307227520215993e-01,-3.041564167671437224e-01,-2.535679645203156030e-01,1.060295903622990830e-02,-8.991238201045069489e-02,-3.014321493990729794e-01,-2.140305431618111931e-01,-1.455228344713216104e-01,-2.940588276234953335e-01,-5.289152245993320595e-02,-2.251147362888400727e-01,7.651677958556211967e-02,-5.461542650252525916e-02,-4.522709536274054781e-02,-2.554076358534532187e-01,-1.172819094397663520e-01,-6.913746973509914302e-04,-2.187788186131306711e-01,-6.939901180964701266e-02,-1.593879634971838433e-01,-1.255313229354226567e-01,-2.586444755553948815e-02,2.310582707437927874e-01,-1.905319052010957109e-02,4.312745091171592965e-02,-2.402183213373360882e-01,-1.380232006630270902e-01,-1.784649211023944526e-01,-8.527586458689356830e-02,-8.941088936770458240e-02,-7.970852049601735712e-02,-3.157110535621852204e-02,-1.751527938890805880e-01,-1.593960953021536509e-01,-8.871403141795840275e-02,1.316515842320705454e-01
-2.452980260840407489e-01,-2.284570967794453955e-02,5.878874631336088868e-02,-3.223386757551961468e-01,-8.727163701817872155e-02,-3.484083316455164475e-02,-2.735584305938258687e-02,-1.455158520647871212e-01,-2.842784234684272437e-01,-3.936302825209278544e-02,-3.438932982019034523e-01,-1.771283616417368423e-01,1.799980716519796742e-01,1.070239323885309873e-01,-7.562068642591733558e-02,3.028436606063432679e-01,-2.760204446757709151e-01,-2.539139691206022120e-01,3.655864875127754626e-02,-1.610821405973591747e-01,-2.458658566318333571e-01,-2.644971067299692891e-01,-6.938199613941159472e-02,-2.302318428903645797e-01,-2.769858402852662937e-01,-1.114270594494191219e-01,2.350923483780646348e-02,-1.613794715885487896e-01,-1.696891591670611765e-01,-2.910179892550000536e-01,-1.504685008731290463e-01,-1.208570053503611880e-01,-2.675718713891138689e-01,-1.350677491179690798e-02,-9.617423614968949319e-02,-2.708837713039695116e-01,-3.890698725120252804e-02,2.198850263221071022e-01,-1.069307764352372403e-01,-2.391383223465567975e-01,-1.290317996249362442e-01,-9.603248350949640522e-02,-3.237140832095013465e-01,-2.498825481140461713e-01,-2.327419512909514043e-01,-2.510283062378424468e-01,-1.494653950323233671e-01,-1.683121876889175361e-01,-1.728203710772558133e-01,-1.197908881595377145e-01,-3.244280133579546116e-02
-2.445430478488601067e-01,-1.401480116531068632e-01,4.515565809977824252e-02,-3.248277356426240159e-01,-1.252829541130597857e-01,-1.030466842881402612e-01,-2.033250410355724180e-01,-9.418055697524137237e-02,-9.944747216457285044e-02,-5.615697790180877724e-02,-2.391662513314385674e-01,-6.710908815237981440e-02,9.299033161618523724e-02,-3.808481194085762134e-01,-2.664965457545981353e-01,-1.359838643540339231e-01,-1.893908925825379397e-01,-2.331774493594415965e-01,-9.794650263313774141e-02,-1.295989279086792734e-01,-1.987081712496993613e-01,-1.813067753977170016e-01,-2.324831330014353881e-01,-3.530341081515853130e-01,-3.178966735665332277e-01,-2.099881848493780623e-01,-1.539419958407711453e-01,-1.135287087787166527e-01,-2.998199464786086565e-01,-2.728066030032411660e-01,-2.929299945244379089e-01,-2.375083042541622502e-01,-3.842899213496062116e-02,3.049086523624873479e-02,-7.620221932653463426e-02,-3.304236761169745962e-01,2.710507482045994981e-02,-4.582729411698053396e-02,-3.209293130850913722e-01,-1.675861736606215069e-01,-2.461290170203796479e-01,1.548807310666484209e-03,-1.611171229342965583e-01,-2.639561960388830952e-01,-5.441146376522702777e-02,-2.854306199462954274e-01,-3.153948547439240357e-01,-2.505278102152194708e-01,-1.413788351566473145e-01,-6.073817394405719994e-02,5.466221718503564558e-02
7.430500176210710905e-02,-1.467950046522461249e-01,-1.117324773389086978e+00,1.046428088458145195e-01,-1.036316816413723058e-01,1.356336524071896088e-01,-5.592457534740750275e-02,2.178938282693414913e-02,1.818163836214140849e-01,-1.543830335078643090e+00,1.209901628150843039e-01,-5.929232864190887575e-01,1.047497554985866997e-01,2.843566645477666258e-02,-6.962337366353056611e-02,2.013373910888239582e+00,-1.904358337951768787e+00,-1.700308693064919718e-02,9.296297921163160227e-02,-9.075562636890895929e-01,-3.014048889139837040e-01,-4.990043281144629361e-02,6.215329741115720452e-01,9.999522436939710379e-02,1.024229517807814932e-01,-1.208678781146268477e-01,-1.266184951746573972e-01,-1.306066632745973566e-01,3.876598154697438042e-02,-1.847334809615258922e-01,-1.286573952688290501e-01,2.423407814961534013e-02,1.680347280205139737e-01,1.153939742653703887e-01,8.225116584814763376e-01,-7.823543317533313002e-02,7.337564451651018560e-02,2.020017371351244595e+00,3.084366091396642862e+00,-4.058117574681670281e-02,-8.472834127282524719e-02,2.130181029938935378e-01,-5.889254056151708300e-02,-2.314887544898629884e-02,2.455617433597359067e-01,-2.338028274904122294e-01,3.223403119845926756e-01,-9.083099421752013902e-02,1.097799795331602830e-02,-1.276012624740482382e-01,-1.052566260984646007e+00
-2.830746135950259479e-01,-1.549359276433232291e-01,-6.600206911599264259e-02,-3.049143199774831392e-01,-2.934989695144866184e-01,-7.244449964152704924e-02,-1.242751129188182369e-01,-8.316968028448863681e-02,-1.968340760952063395e-01,-3.444341853701293060e-02,-1.379272750785050794e-01,-2.290829851558377761e-01,-2.169884714853426155e-01,-4.193509225482120600e-02,-2.395356101450886455e-02,-7.315945638242824824e-03,-2.345062102306762764e-01,-3.635845427651576145e-01,2.180680734509101229e-02,-1.104669498760779967e-01,-2.912100045938967319e-01,-2.785405450524517934e-01,-3.294981872006428475e-02,-2.392495010205695494e-01,-2.111612093311004412e-01,-2.515478845008319309e-01,5.012971703763720310e-02,-1.073369398910580946e-01,-3.267366251817496736e-01,-2.880850569291350527e-01,-2.266636798525857310e-01,-1.561740200638393194e-01,-3.076666053048583427e-01,-1.651027725056772588e-01,-5.219904105379102877e-02,-2.984593249806464232e-01,-3.409252834611692373e-02,3.151076068305040667e-02,-1.065155594667983735e-01,-2.270388099397720738e-01,-1.702576634583879978e-01,-2.115705383320654331e-01,-4.042658239379922080e-01,-2.076690145711622693e-01,-4.781588011013920142e-02,-1.663725935746267481e-01,-1.822835525167172677e-01,-1.834313860292489662e-01,-2.726027643869786132e-01,-3.546726154211557458e-02,-1.478191331708521294e-01
-2.624960023966628198e-01,5.739929607290184671e-02,-8.808134716843411816e-02,-3.072096273355627294e-01,-1.762450197697203180e-01,-8.603151677339845871e-02,-2.245849882117196411e-02,-1.168878285638117603e-01,-2.222540180783773300e-01,-7.255250235613650012e-02,-1.366094876361071409e-01,7.284627577427593703e-02,1.054651188148463675e-02,1.035578926809692102e-01,1.589244999693567584e-02,-2.291287061716933693e-01,-3.793090197968547184e-01,-1.331640412185591815e-01,-4.855227922688501452e-02,-2.098679190292560351e-02,-1.444779031830354388e-01,-1.038178342893305850e-01,-1.989069985035265553e-01,-3.494854898127028320e-01,-2.803495236832150295e-01,-1.283080338206750159e-01,1.841788620148797080e-04,-1.615626989224087651e-01,-2.446322992651353279e-01,-1.872244068075766821e-01,-6.997100032449259099e-02,-1.062495502070057996e-01,-1.185698529700129761e-01,-6.239736047685091880e-02,-3.232139058079412930e-01,-1.035679458801669200e-01,-9.048908402659598671e-02,-1.527868743862220713e-02,-2.831651672345555371e-01,-2.495162873693392014e-01,-1.251712109350183733e-01,3.038404154392505829e-02,-3.333808086120821912e-01,-1.804452441969078280e-01,6.638065728654379957e-04,-1.146609096008986278e-01,-2.035043472621352045e-01,-9.625589544433228728e-02,-1.829821263528855768e-01,-1.126553759835176027e-01,2.057012146025728738e-01
5.799141465675049234e-02,-9.530205901768946941e-02,-6.007864343623877668e-01,4.333968946068492145e-02,-1.125911748609719348e-01,1.796592301140980397e-01,-3.883949790124635593e-02,1.424402971576404220e-01,1.338577106583884249e-02,3.372422843748418830e-01,-4.991128840184992643e-02,9.521244367440806489e-01,-4.997897942873146260e-01,-2.537971880731823004e-01,-2.414599733282881897e-02,6.063384982183863542e-02,-9.993660242664818005e-01,8.690097930021258715e-03,2.777593340198556901e-02,8.011668213328657639e-01,-1.640786092431651549e-02,1.646259251708822313e-01,-2.674551091722684459e-01,2.706170453724026856e-02,-5.785280150179099301e-02,-1.172401930161095090e-01,1.802929241253747525e-02,-7.700089878184196435e-02,1.205796041064433055e-01,-2.626583895545522296e-01,-5.901849992246461368e-02,-1.282013239690851514e-01,1.688019232001376213e-01,2.499154270380597453e-01,-9.334814709364124274e-01,-3.204554173991170374e-01,-1.333374943020720904e-01,-2.181275879688200359e-01,-8.078367330197372409e-01,2.231583897962323704e-01,-7.413239737876553548e-02,8.029657467973481955e-02,-7.584067848529401148e-03,3.700350268726562697e-02,4.206040332472519294e-01,-6.067067844831727785e-02,9.977438047527888675e-04,-2.414575109491950422e-01,-1.101881840232190157e+00,-2.424165337678586829e-01,8.712289599659466255e-01
-1.575541823111719364e-01,-3.514196436268478274e-02,4.221512604814862679e-01,-2.043252766536942933e-01,-8.643475808638902136e-02,-1.883058514424509611e-01,-1.853758654804861239e-01,-2.706307601246832339e-02,-4.260511795524447171e-02,3.243473168871279788e-01,-1.451929645212177433e-01,2.470058830950728979e+00,-4.171784852198406335e-01,7.711952244793209843e-01,-9.277245916847222384e-02,7.915290415468329011e-01,1.292876232230125155e-01,-1.481416996511509543e-01,-2.888485022930301072e-02,2.262755001076700578e-01,-3.445208087454559170e-02,-1.427875400540799533e-01,-6.394048814877125730e-01,-3.264106747021694628e-03,-1.373409025907464109e-01,-4.266774468626070155e-02,-1.528575233674576150e-01,-1.255677731928797614e-01,-1.998851534285796261e-01,-8.851578710412121020e-02,-9.593372362320398694e-02,-1.528939648041530708e-01,2.741573669870720278e-03,-9.785409967521016550e-02,7.660108370611850015e-01,-5.324659883200998783e-02,2.800780195023435878e-02,-1.198728611202165339e+00,-1.492454165443825698e+00,-9.368558674034692668e-01,-1.065919043461847210e-01,1.586426692958127146e-02,-3.706167069767021122e-02,-8.038030283186745062e-02,-3.938748022658025150e-01,-4.803124777673167117e-02,7.938905001691736185e-01,-1.498718422637566050e-01,-4.393461824042124708e-01,-7.379470974878213352e-02,2.132438425336813104e-01
